"borough","closuretype","editdate","featuretype","propid","propname","propnum","sitename","status","point","approx_date_closed","approx_date_reopened"
"M",,"2020-04-14T15:44:24.000","Exercise Equipment","M045","John Jay Park","M045","John Jay Park","Active","POINT (-73.94948322669356 40.76923883565357)",,
"B",,"2020-04-09T15:15:34.000","Exercise Equipment","B025","Cooper Park","B025","Cooper Park","Active","POINT (-73.93724000264929 40.71585257942294)",,
"Q","Temporary Fencing","2020-06-21T11:39:52.000","Exercise Equipment","Q134","Breininger Park","Q134","Breininger Park","Reopened","POINT (-73.72897475587081 40.72582789576103)","2020-04-11T19:06:52.000","2020-06-21T11:39:50.000"
"B","Completely Locked","2020-06-22T14:12:49.000","Exercise Equipment","B298","Stockton Playground","B298","Stockton Playground","Reopened","POINT (-73.94867376733984 40.69728373770297)","2020-04-10T12:27:53.000","2020-06-22T00:00:00.000"
"Q","Completely Locked","2020-06-23T11:10:39.000","Exercise Equipment","Q001-ZN01","Alley Pond Park","Q001","Alley Pond Park Zone 1","Reopened","POINT (-73.73626821207041 40.73949215306536)","2020-04-11T19:14:22.000","2020-06-23T11:10:37.000"
"X","Temporary Fencing","2020-06-22T10:33:37.000","Exercise Equipment","X137","Jerome Park","X137","Jerome Park","Reopened","POINT (-73.8919726294351 40.878654455347174)","2020-04-13T12:01:05.000","2020-06-21T00:00:00.000"
"Q","Partially Locked","2020-06-23T09:25:50.000","Exercise Equipment","Q026","Park Of The Americas","Q026","Park Of The Americas","Reopened","POINT (-73.86192271977383 40.74856510690504)","2020-04-13T09:15:26.000","2020-06-23T09:25:48.000"
"B","Completely Locked","2020-06-22T11:24:26.000","Exercise Equipment","B141","City Line Park","B141","City Line Park","Reopened","POINT (-73.87492274042454 40.67948179994447)","2020-05-21T13:03:15.000","2020-06-20T00:00:00.000"
"M","Completely Locked","2020-06-22T17:21:11.000","Exercise Equipment","M079","St. Catherine's Park","M079","St. Catherine's Park","Reopened","POINT (-73.9587213697007 40.765194408933915)","2020-04-10T11:53:33.000","2020-06-21T00:00:00.000"
"X","Completely Locked","2020-06-22T10:05:38.000","Exercise Equipment","X206","Morgan Playground","X206","Morgan Playground","Reopened","POINT (-73.90743530814089 40.832274295195916)","2020-04-10T08:42:35.000","2020-06-21T00:00:00.000"
"X",,"2020-04-09T15:24:38.000","Exercise Equipment","X118-ZN03","Soundview Park","X118","Soundview Park Zone 3","Active","POINT (-73.87305103232546 40.81828649628689)",,
"M",,"2020-04-13T13:10:34.000","Exercise Equipment","M047","Thomas Jefferson Park","M047","Thomas Jefferson Park","Active","POINT (-73.93559005057931 40.79320242709617)",,
"B","Completely Locked","2020-06-22T15:39:17.000","Exercise Equipment","B007-01","Bensonhurst Park","B007","Bensonhurst Park Playground","Reopened","POINT (-73.99981329076745 40.59692354879052)","2020-04-10T16:00:20.000","2020-06-20T00:00:00.000"
"X",,"2020-04-09T15:24:38.000","Exercise Equipment","X092-ZN06","Van Cortlandt Park","X092","Parade Ground North","Active","POINT (-73.89518810082029 40.89669860961489)",,
"Q","Completely Locked","2020-06-21T19:27:22.000","Exercise Equipment","Q335","Russell Sage Playground","Q335","Russell Sage Playground","Reopened","POINT (-73.85147543218127 40.72377497907376)","2020-04-11T18:19:53.000","2020-06-21T10:00:00.000"
"B","Completely Locked","2020-06-22T15:21:34.000","Exercise Equipment","B286","Bartlett Playground","B286","Bartlett Playground","Reopened","POINT (-73.94609574490927 40.700900415281815)","2020-04-10T11:37:33.000","2020-06-21T00:00:00.000"
"B",,"2020-04-09T15:15:34.000","Exercise Equipment","B252","West Playground","B252","West Playground","Active","POINT (-73.9700708438389 40.587083923038584)",,
"B","Completely Locked","2020-04-10T12:36:38.000","Exercise Equipment","B126-01","Red Hook Recreation Area","B126","Bush Clinton Park","Active","POINT (-74.00341580316582 40.673707906264795)",,
"B",,"2020-04-09T15:15:34.000","Exercise Equipment","B061","McLaughlin Park","B061","McLaughlin Park","Active","POINT (-73.98604714243562 40.69651482506602)",,
"Q","Completely Locked","2020-06-21T19:53:34.000","Exercise Equipment","Q471-01","Hunter's Point South Park","Q471","Hunter's Point South Playground (North)","Reopened","POINT (-73.96039842397131 40.74296030861427)","2020-04-11T17:47:53.000","2020-06-21T13:00:00.000"
"X","Temporary Fencing","2020-06-22T10:09:37.000","Exercise Equipment","X010-06","Crotona Park","X010","Boxcar Plgd (6)","Reopened","POINT (-73.89272961753181 40.83694779937765)","2020-04-15T10:11:38.000","2020-06-21T00:00:00.000"
"R","Completely Locked","2020-06-22T16:54:45.000","Exercise Equipment","R035","De Matti Park","R035","De Matti Park","Reopened","POINT (-74.07418481018179 40.61453272435435)","2020-04-09T15:20:54.000","2020-06-22T16:54:43.000"
"X",,"2020-04-09T15:24:38.000","Exercise Equipment","X002-ZN05B","Bronx Park","X002","Bronx River Parkway East (North Half)","Active","POINT (-73.86371190616926 40.890929073334604)",,
"Q","Completely Locked","2020-06-23T09:24:32.000","Exercise Equipment","Q366","Louis C. Moser Playground","Q366","Louis C. Moser Playground","Reopened","POINT (-73.89223437689381 40.76310686180755)","2020-04-11T17:56:10.000","2020-06-23T09:24:31.000"
"X","Temporary Fencing","2020-06-22T09:35:21.000","Exercise Equipment","X045-ZN01","St. Mary's Park","X045","St Mary's Park Zone 1","Reopened","POINT (-73.91119885443668 40.81027476384587)","2020-04-10T10:04:47.000","2020-06-21T00:00:00.000"
"B",,"2020-04-09T15:15:34.000","Exercise Equipment","B066-01","Owl's Head Park","B066","Owls Head Park","Active","POINT (-74.03013614141982 40.640347469698526)",,
"M",,"2020-04-14T15:44:11.000","Exercise Equipment","M164","Asser Levy Playground","M164","Asser Levy Playground","Active","POINT (-73.97561547247632 40.7364424259224)",,
"M","Completely Locked","2020-06-29T11:02:12.000","Exercise Equipment","M037-04","Highbridge Park","M037","Wallenberg Plgd","Reopened","POINT (-73.9268989214219 40.852912956056535)","2020-04-10T12:53:36.000","2020-06-21T00:00:00.000"
"B",,"2020-04-09T15:15:34.000","Exercise Equipment","B032-ZN01","Fort Greene Park","B032","Fort Greene Park Zone 1","Active","POINT (-73.97571514180618 40.69260838010291)",,
"B",,"2020-04-09T15:15:34.000","Exercise Equipment","B223DA","Adam Yauch Park","B223DA","Adam Yauch Park","Active","POINT (-73.99914590630208 40.69209837983132)",,
"B",,"2020-04-09T15:15:34.000","Exercise Equipment","B057-ZN02","Marine Park","B057","Marine Park Zone 2","Active","POINT (-73.93246441046279 40.60576617755163)",,
"X","Temporary Fencing","2020-06-22T09:41:11.000","Exercise Equipment","X030-ZN01","Macombs Dam Park","X030","Macombs Dam Park Zone 1 Upper","Reopened","POINT (-73.9293295606938 40.82796512810487)","2020-04-09T15:49:04.000","2020-06-21T00:00:00.000"
"Q","Completely Locked","2020-06-21T19:49:34.000","Exercise Equipment","Q421","Walter Ward Playground","Q421","Walter Ward Playground","Reopened","POINT (-73.84369011434538 40.65742268152678)","2020-04-11T18:49:16.000","2020-06-21T14:30:00.000"
"Q",,"2020-06-19T13:24:06.000","Exercise Equipment","Q015-ZN04","Forest Park","Q015","Victory Field","Reopened","POINT (-73.85339787369942 40.70146025735233)",,"2020-06-19T13:15:00.000"
"B","Completely Locked","2020-06-23T14:57:29.000","Exercise Equipment","B254","Wingate Park","B254","Wingate Park","Reopened","POINT (-73.94419925957446 40.65856952010346)","2020-04-10T12:57:42.000","2020-06-22T00:00:00.000"
"Q","Completely Locked","2020-06-23T11:45:24.000","Exercise Equipment","Q333","Ravenswood Playground","Q333","Ravenswood Playground","Reopened","POINT (-73.93534261177533 40.76260794158629)","2020-04-11T13:21:47.000","2020-06-23T11:45:22.000"
"Q","Completely Locked","2020-06-21T19:12:37.000","Exercise Equipment","Q102-03","Juniper Valley Park","Q102","Juniper South Playground","Reopened","POINT (-73.88290170159917 40.7184094759978)","2020-04-11T18:19:33.000","2020-06-21T19:12:34.000"
"X","Blocked with Barricade","2020-06-22T10:52:11.000","Exercise Equipment","X002-05A","Bronx Park","X002","Waring Plgd","Reopened","POINT (-73.87145330242689 40.86048983194159)","2020-04-10T14:20:42.000","2020-06-21T00:00:00.000"
"X","Completely Locked","2020-06-22T10:02:57.000","Exercise Equipment","X211","Stebbins Playground","X211","Stebbins Playground","Reopened","POINT (-73.89851728719871 40.82276733076664)","2020-04-10T10:12:26.000","2020-06-21T00:00:00.000"
"B","Completely Locked","2020-06-22T15:12:01.000","Exercise Equipment","B167","La Guardia Playground","B167","La Guardia Playground","Reopened","POINT (-73.9597482247474 40.71045464988789)","2020-04-10T11:36:57.000","2020-06-21T00:00:00.000"
"B","Partially Locked","2020-06-22T14:14:12.000","Exercise Equipment","B088-02","Herbert Von King Park","B088","Herbert Von King Park","Reopened","POINT (-73.94588134503036 40.68952450560375)","2020-04-10T12:00:22.000","2020-06-22T00:00:00.000"
"X","Partially Locked","2020-06-22T11:01:08.000","Exercise Equipment","X262","Harding Park","X262","Harding Park","Reopened","POINT (-73.85660599548011 40.80930852852363)","2020-04-10T15:10:20.000","2020-06-21T00:00:00.000"
"M","Completely Locked","2020-07-07T14:55:15.000","Exercise Equipment","M200","Booker T. Washington Playground","M200","Booker T. Washington Playground","Reopened","POINT (-73.96376749365731 40.80094406070667)","2020-04-09T15:22:59.000","2020-07-06T00:00:00.000"
"Q","Blocked with Barricade","2020-06-21T19:49:34.000","Exercise Equipment","Q092","Police Officer Edward Byrne Park","Q092","Police Officer Edward Byrne Park","Reopened","POINT (-73.80744201010107 40.66733920075452)","2020-04-11T18:51:13.000","2020-06-21T14:30:00.000"
"B","Completely Locked","2020-06-22T12:39:05.000","Exercise Equipment","B270","Brownsville Playground","B270","Brownsville Playground","Reopened","POINT (-73.90222157209897 40.65652470219158)","2020-04-10T17:02:51.000","2020-06-20T00:00:00.000"
"Q","Temporary Fencing","2020-06-22T17:17:24.000","Exercise Equipment","Q220G","Hoover - Manton Playgrounds","Q220G","Hoover - Manton Playgrounds","Reopened","POINT (-73.82123043186971 40.71147246523084)","2020-04-11T19:24:41.000",
"X","Completely Locked","2020-06-22T10:24:49.000","Exercise Equipment","X174","Webster Playground","X174","Webster Playground","Reopened","POINT (-73.89289227408571 40.859383860444325)","2020-04-10T10:30:16.000","2020-06-21T00:00:00.000"
"B","Partially Locked","2020-06-22T14:33:56.000","Exercise Equipment","B381","Thomas Boyland Park","B381","Thomas Boyland Park","Reopened","POINT (-73.90754695317372 40.68174274121655)","2020-04-10T12:28:55.000","2020-06-22T00:00:00.000"
"Q",,"2020-04-11T19:26:20.000","Exercise Equipment","Q024-ZN04","Kissena Park","Q024","Kissena Park Zone 4","Active","POINT (-73.80964169426333 40.74366696799822)",,
"B","Completely Locked","2020-06-29T09:55:28.000","Exercise Equipment","B380","Robert E. Venable Park","B380","Robert E. Venable Park","Reopened","POINT (-73.86522898889854 40.67442236557769)","2020-04-10T17:00:21.000","2020-06-29T00:00:00.000"
"M",,"2020-04-10T12:10:07.000","Exercise Equipment","M071-ZN20","Riverside Park","M071","Hudson Beach Volleyball Courts & Café","Active","POINT (-73.97230888123832 40.80261866543612)",,
"X","Temporary Fencing","2020-06-22T10:37:42.000","Exercise Equipment","X136-01","Harris Park","X136","Harris Playground","Reopened","POINT (-73.8923909260246 40.87512695638038)","2020-04-10T14:22:08.000","2020-06-21T00:00:00.000"
"Q","Blocked with Barricade","2020-06-21T19:37:53.000","Exercise Equipment","Q127","Marconi Park","Q127","Marconi Park","Reopened","POINT (-73.79553022951403 40.69358689096437)","2020-04-11T19:00:39.000","2020-06-21T14:30:00.000"
"M","Completely Locked","2020-06-22T16:20:14.000","Exercise Equipment","M229","Happy Warrior Playground","M229","Happy Warrior Playground","Reopened","POINT (-73.96864303062301 40.795476653183876)","2020-04-15T16:21:20.000","2020-06-21T00:00:00.000"
"X","Completely Locked","2020-06-22T09:58:34.000","Exercise Equipment","X113","Hunts Point Playground","X113","Hunts Point Playground","Reopened","POINT (-73.88597051944393 40.81413655975832)","2020-04-10T10:11:35.000","2020-06-21T00:00:00.000"
"Q","Completely Locked","2020-06-22T17:17:49.000","Exercise Equipment","Q298","Paul Raimonda Playground","Q298","Paul Raimonda Playground","Reopened","POINT (-73.89744608049097 40.77280249419432)","2020-04-11T17:39:43.000",
"M","Blocked with Barricade","2020-06-22T15:34:43.000","Exercise Equipment","M071-34","Riverside Park","M071","Tot Lot One Hundred Five","Reopened","POINT (-73.97095004711657 40.80175743965774)","2020-04-10T11:46:55.000","2020-06-21T00:00:00.000"
"Q","Temporary Fencing","2020-06-21T19:55:39.000","Exercise Equipment","Q085","Gorman Playground","Q085","Gorman Playground","Reopened","POINT (-73.88423696233977 40.762384280657514)","2020-04-11T17:56:46.000","2020-06-21T13:30:00.000"
"B","Blocked with Barricade","2020-06-22T12:42:25.000","Exercise Equipment","B008-03","Betsy Head Park","B008","Imagination Playground at Betsy Head","Reopened","POINT (-73.91182793479264 40.66451174662287)","2020-04-10T17:01:06.000","2020-06-20T00:00:00.000"
"X","Completely Locked","2020-06-22T09:29:10.000","Exercise Equipment","X182","Millbrook Playground","X182","Millbrook Playground","Reopened","POINT (-73.91664783759227 40.804354092158704)","2020-04-13T14:08:12.000","2020-06-21T00:00:00.000"
"M",,"2020-04-10T11:50:49.000","Exercise Equipment","M391-ZN02","East River Waterfront Esplanade","M391","East River Waterfront Esplanade Zone 2","Active","POINT (-73.99357061521128 40.709116827782076)",,
"X",,"2020-04-09T15:24:38.000","Exercise Equipment","X002-ZN01","Bronx Park","X002","Bronx Park Zone 1","Active","POINT (-73.87018555214237 40.85244059800561)",,
"R",,"2020-06-23T14:37:37.000","Exercise Equipment","R031-ZN02","Wolfe's Pond Park","R031","Wolfe's Pond Park Zone 2","Active","POINT (-74.18934171811541 40.516787620972146)",,
"B","Partially Locked","2020-06-22T14:13:51.000","Exercise Equipment","B217","Marcy Playground","B217","Marcy Playground","Reopened","POINT (-73.95091349362018 40.69552139391246)","2020-04-10T11:59:53.000","2020-06-22T00:00:00.000"
"Q","Temporary Fencing","2020-06-21T11:39:52.000","Exercise Equipment","Q133","Pat Williams Playground","Q133","Pat Williams Playground","Reopened","POINT (-73.72951806876853 40.71303533928013)","2020-04-11T19:13:15.000","2020-06-21T11:39:50.000"
"B",,"2020-04-09T15:15:34.000","Exercise Equipment","B054-ZN01","Lincoln Terrace / Arthur S. Somers Park","B054","Lincoln Terr Pk/Arthur S Somers Zone 1","Active","POINT (-73.92734465085397 40.66591177111678)",,
"X","Temporary Fencing","2020-06-22T09:41:37.000","Exercise Equipment","X030","Macombs Dam Park","X030","Macombs Dam Park","Reopened","POINT (-73.92816909012869 40.8287635358581)","2020-04-10T14:45:24.000","2020-06-21T00:00:00.000"
"B",,"2020-04-09T15:15:34.000","Exercise Equipment","B316","DiGilio Playground","B316","DiGilio Playground","Active","POINT (-73.9771308362306 40.63262866008647)",,
"B",,"2020-04-09T15:15:34.000","Exercise Equipment","B162","Brizzi Playground","B162","Brizzi Playground","Active","POINT (-73.99464872731262 40.64241752988835)",,
"R",,"2020-04-09T15:20:54.000","Exercise Equipment","R109","CPL. Thompson Park","R109","CPL. Thompson Park","Active","POINT (-74.11885101101721 40.63806407584962)",,
"Q","Temporary Fencing","2020-06-21T19:06:46.000","Exercise Equipment","Q020-01","Highland Park","Q020","Lower Highland Playground","Reopened","POINT (-73.88573854218654 40.68396081226197)","2020-04-11T18:23:15.000","2020-06-21T10:00:00.000"
"Q","Completely Locked","2020-06-22T17:16:37.000","Exercise Equipment","Q174A","St. Michael's Playground","Q174A","St. Michael's Playground","Reopened","POINT (-73.90015135152188 40.75898091465636)","2020-04-11T17:35:29.000",
"Q","Temporary Fencing","2020-06-22T17:20:03.000","Exercise Equipment","Q005-05","Baisley Pond Park","Q005","157 St Playground","Reopened","POINT (-73.7860883963776 40.684087435168635)","2020-04-11T19:31:41.000",
"X","Completely Locked","2020-06-22T10:56:24.000","Exercise Equipment","X159","Playground 174","X159","Playground 174","UnderConstruction","POINT (-73.87776458244036 40.834348562101404)","2020-04-10T14:23:08.000",
"B",,"2020-04-09T15:15:34.000","Exercise Equipment","B223R","Jaime Campiz Playground","B223R","Jaime Campiz Playground","Active","POINT (-73.95437736789306 40.71354253779619)",,
"X","Completely Locked","2020-06-22T10:23:30.000","Exercise Equipment","X102","Ciccarone Park","X102","Ciccarone Park","Reopened","POINT (-73.8867043823755 40.85596618962918)","2020-04-10T10:29:34.000","2020-06-21T00:00:00.000"
"B",,"2020-04-09T15:15:34.000","Exercise Equipment","B057-ZN03","Marine Park","B057","Marine Park Zone 3","Active","POINT (-73.93544957071987 40.604080411761934)",,
"Q","Blocked with Barricade","2020-06-21T11:31:08.000","Exercise Equipment","Q364","Marie Curie Playground","Q364","Marie Curie Playground","Reopened","POINT (-73.77177875021114 40.75693569665497)","2020-04-11T19:29:31.000","2020-06-21T11:31:06.000"
"B","Blocked with Barricade","2020-06-22T12:20:00.000","Exercise Equipment","B149A","Elton Playground","B149A","Elton Playground","Reopened","POINT (-73.88073888137447 40.66593255530791)","2020-04-10T16:58:34.000","2020-06-20T00:00:00.000"
"B","Completely Locked","2020-06-22T14:18:02.000","Exercise Equipment","B294","Jackie Robinson Park Playground","B294","Jackie Robinson Park Playground","Reopened","POINT (-73.92781171578808 40.68021202010892)","2020-04-10T12:27:26.000","2020-06-22T00:00:00.000"
"M","Completely Locked","2020-06-19T09:59:41.000","Exercise Equipment","M171","Cherry Clinton Playground","M171","Cherry Clinton Playground","Reopened","POINT (-73.98628029521305 40.71131293656162)","2020-04-10T11:57:06.000","2020-06-19T00:00:00.000"
"M","Completely Locked","2020-06-22T10:39:42.000","Exercise Equipment","M041","Alexander Hamilton Playground","M041","Alexander Hamilton Playground","Reopened","POINT (-73.95128561178713 40.82307915506855)","2020-04-10T14:13:47.000","2020-06-21T00:00:00.000"
"X","Completely Locked","2020-06-22T09:49:25.000","Exercise Equipment","X148A2","Plimpton Playground","X148A2","Plimpton Playground","Reopened","POINT (-73.92241783996984 40.84392533185879)","2020-04-16T10:43:03.000","2020-06-21T00:00:00.000"
"Q","Temporary Fencing","2020-06-23T11:03:34.000","Exercise Equipment","Q105","Howard Von Dohlen Playground","Q105","Howard Von Dohlen Playground","Reopened","POINT (-73.81297834293107 40.69944018455653)","2020-04-11T19:31:04.000","2020-06-23T11:00:00.000"
"B",,"2020-04-09T15:15:34.000","Exercise Equipment","B052-03","Leif Ericson Park","B052","Leif Ericson Park Playground","Active","POINT (-74.01190423157917 40.63081826430383)",,
"X","Completely Locked","2020-06-22T10:27:27.000","Exercise Equipment","X257","Mount Hope Playground","X257","Mount Hope Playground","Reopened","POINT (-73.90943943807447 40.850298333713894)","2020-04-10T14:14:11.000","2020-06-21T00:00:00.000"
"Q","Temporary Fencing","2020-06-23T11:01:11.000","Exercise Equipment","Q005-12","Baisley Pond Park","Q005","Rockaway Blvd Playground","Reopened","POINT (-73.78772129274583 40.67256761252278)","2020-04-11T18:55:11.000","2020-06-23T11:00:00.000"
"B","Completely Locked","2020-06-22T13:58:26.000","Exercise Equipment","B129-ZN01","Kaiser Park","B129","Kaiser Park Zone 1","Reopened","POINT (-73.9946104382313 40.5785609783044)","2020-04-10T16:06:07.000","2020-06-22T00:00:00.000"
"X","Temporary Fencing","2020-06-22T10:38:47.000","Exercise Equipment","X080-03","Henry Hudson Park","X080","Henry Hudson Playground (West)","Reopened","POINT (-73.92043903890612 40.88118467900721)","2020-04-17T12:35:55.000","2020-06-21T00:00:00.000"
"M","Blocked with Barricade","2020-06-22T15:53:26.000","Exercise Equipment","M010-ZN28","Central Park","M010","Ross Pinetum","Reopened","POINT (-73.96808279850276 40.782949186854935)","2020-04-10T11:59:36.000","2020-06-21T00:00:00.000"
"Q",,"2020-04-11T17:48:33.000","Exercise Equipment","Q471-ZN02","Hunter's Point South Park","Q471","Hunter's Point South Park Zone 2","Active","POINT (-73.96159862999801 40.739425621922614)",,
"B",,"2020-04-09T15:15:34.000","Exercise Equipment","B357","Jackie Robinson Playground","B357","Jackie Robinson Playground","Active","POINT (-73.95923738577667 40.66579035154009)",,
"Q","Temporary Fencing","2020-06-21T19:07:54.000","Exercise Equipment","Q128","London Planetree Playground","Q128","London Planetree Playground","Reopened","POINT (-73.85324212334196 40.68613982932543)","2020-04-11T18:46:34.000","2020-06-21T09:45:00.000"
"M","Taped Off","2020-06-22T16:11:41.000","Exercise Equipment","M011","Chelsea Park","M011","Chelsea Park","Reopened","POINT (-74.00072824876388 40.74994165135954)","2020-04-10T13:12:14.000","2020-06-21T00:00:00.000"
"M","Completely Locked","2020-06-22T16:20:32.000","Exercise Equipment","M238","Bloomingdale Playground","M238","Bloomingdale Playground","Reopened","POINT (-73.96600104027476 40.799172214647015)","2020-04-09T15:22:59.000","2020-06-21T00:00:00.000"
"X",,"2020-04-09T15:24:38.000","Exercise Equipment","X126-ZN04","Ferry Point Park","X126","Ferry Point Park Zone 4","Active","POINT (-73.8257334075983 40.819745433218365)",,
"M","Temporary Fencing","2020-06-22T16:33:41.000","Exercise Equipment","M198","Martin Luther King, Jr. Playground","M198","Martin Luther King, Jr. Playground","Reopened","POINT (-73.95046394626499 40.79983407374056)","2020-04-15T16:27:34.000","2020-06-21T00:00:00.000"
"B","Completely Locked","2020-06-23T14:54:45.000","Exercise Equipment","B156","Powell Playground","B156","Powell Playground","Reopened","POINT (-73.90482748554767 40.671272940120616)","2020-04-10T17:01:55.000","2020-06-20T00:00:00.000"
"R",,"2020-04-09T15:20:54.000","Exercise Equipment","R109-01","CPL. Thompson Park","R109","Corporal Thompson Playground","Active","POINT (-74.11803173698999 40.63892148395194)",,
"R",,"2020-04-09T15:20:54.000","Exercise Equipment","R106-ZN03","Bloomingdale Park","R106","Bloomingdale Park Zone 3","Active","POINT (-74.2094651280486 40.53302586858849)",,
"B","Completely Locked","2020-06-23T14:57:09.000","Exercise Equipment","B267","Winthrop Playground","B267","Winthrop Playground","Reopened","POINT (-73.95436927754135 40.65656962472253)","2020-04-10T13:01:20.000","2020-06-22T00:00:00.000"
"Q","Temporary Fencing","2020-06-23T12:29:29.000","Exercise Equipment","Q437","Murray Hill Playground","Q437","Murray Hill Playground","Reopened","POINT (-73.81183043181511 40.761667013829985)","2020-04-11T19:27:49.000","2020-06-23T12:29:28.000"
"B","Completely Locked","2020-06-23T14:56:55.000","Exercise Equipment","B193","Hamilton Metz Field","B193","Hamilton Metz Field","UnderConstruction","POINT (-73.94096520005297 40.66256640670979)","2020-04-10T13:00:52.000",
"Q","Completely Locked","2020-06-22T17:16:50.000","Exercise Equipment","Q205A","Big Bush Playground","Q205A","Big Bush Playground","Reopened","POINT (-73.90262797225797 40.73960803876529)","2020-04-11T17:46:31.000",
"B","Taped Off","2020-06-23T14:55:32.000","Exercise Equipment","B087","Sunset Park","B087","Sunset Park","Reopened","POINT (-74.00374340596935 40.64797630201614)","2020-04-10T12:37:25.000","2020-06-22T00:00:00.000"
"X","Temporary Fencing","2020-06-22T09:31:09.000","Exercise Equipment","X041","Pulaski Park","X041","Pulaski Park","Reopened","POINT (-73.92456568539104 40.80524231318757)","2020-04-13T13:33:19.000","2020-06-21T00:00:00.000"
"B","Completely Locked","2020-06-22T14:20:32.000","Exercise Equipment","B266","Star Spangled Playground","B266","Star Spangled Playground","Reopened","POINT (-73.95795318223661 40.69189603258583)","2020-04-10T12:26:32.000","2020-06-22T00:00:00.000"
"B","Completely Locked","2020-06-22T13:11:04.000","Exercise Equipment","B110","Marion Hopkinson Playground","B110","Marion Hopkinson Playground","Reopened","POINT (-73.91331971321605 40.68178115530074)","2020-04-10T17:01:31.000","2020-06-20T00:00:00.000"
"B","Completely Locked","2020-06-22T15:21:15.000","Exercise Equipment","B055","Sternberg Park","B055","Sternberg Park","Reopened","POINT (-73.94724412443163 40.70622664370648)","2020-04-10T11:36:06.000","2020-06-21T00:00:00.000"
"X","Temporary Fencing","2020-06-22T10:00:13.000","Exercise Equipment","X029","Lyons Square Playground","X029","Lyons Square Park","Reopened","POINT (-73.88807089854696 40.82277492741597)","2020-04-14T11:20:43.000","2020-06-21T00:00:00.000"
"Q","Temporary Fencing","2020-06-23T11:03:53.000","Exercise Equipment","Q448-ZN03","Roy Wilkins Recreation Center","Q448","Roy Wilkins Rec Center Zone 3","Reopened","POINT (-73.77385916183722 40.688165349209775)","2020-04-12T17:18:58.000","2020-06-23T11:00:00.000"
"Q","Temporary Fencing","2020-06-22T10:20:18.000","Exercise Equipment","Q300-05","Kissena Corridor Park","Q300","Rachel Carson Playground","Reopened","POINT (-73.82235858041797 40.74912552504104)","2020-04-11T19:27:04.000","2020-06-22T10:20:14.000"
"M","Completely Locked","2020-06-19T10:01:28.000","Exercise Equipment","M064","Lillian D Wald Playground","M064","Lillian D Wald Playground","Reopened","POINT (-73.98436372971324 40.712041645722266)","2020-04-10T11:56:13.000","2020-06-19T00:00:00.000"
"Q",,"2020-06-23T15:43:44.000","Exercise Equipment","Q163-ZN07A","Rockaway Beach and Boardwalk Zone","Q163","Rockaway Beach and Boardwalk Zone 7a","Active","POINT (-73.82370017231392 40.58133191355296)",,"2020-06-07T00:00:00.000"
"X",,"2020-04-09T15:24:38.000","Exercise Equipment","X002-ZN03","Bronx Park","X002","Bronx Park Zone 3","Active","POINT (-73.87119701199138 40.8704091318215)",,
"Q","Completely Locked","2020-06-21T19:04:08.000","Exercise Equipment","Q131","Frank Principe Park","Q131","Frank Principe Park","Reopened","POINT (-73.90473912871441 40.727467415916564)","2020-04-11T17:53:11.000","2020-06-21T10:00:00.000"
"X","Completely Locked","2020-06-22T10:25:41.000","Exercise Equipment","X085","Slattery Playground","X085","Slattery Playground","Reopened","POINT (-73.89848043408038 40.857305901611696)","2020-04-16T14:39:16.000","2020-06-21T00:00:00.000"
"Q",,"2020-06-23T09:27:34.000","Exercise Equipment","Q361","Moore Homestead Playground","Q361","Moore Homestead Playground","UnderConstruction","POINT (-73.88239704521078 40.74214194008947)",,
"B","Completely Locked","2020-06-22T11:37:27.000","Exercise Equipment","B283","Belmont Playground","B283","Belmont Playground","Reopened","POINT (-73.86284220864064 40.675493554391096)","2020-04-10T16:59:50.000","2020-06-20T00:00:00.000"
"Q","Temporary Fencing","2020-06-23T09:23:00.000","Exercise Equipment","Q410","Hinton Park","Q410","Hinton Park","Reopened","POINT (-73.85494271577642 40.75601123478801)","2020-04-11T17:57:18.000","2020-06-23T09:15:00.000"
"B","Blocked with Barricade","2020-06-22T12:23:12.000","Exercise Equipment","B078","Grace Playground","B078","Grace Playground","Reopened","POINT (-73.8944393083876 40.671374740049124)","2020-04-10T16:57:22.000","2020-06-20T00:00:00.000"
"Q","Temporary Fencing","2020-06-21T19:38:51.000","Exercise Equipment","Q051","St. Albans Park","Q051","St. Albans Park","Reopened","POINT (-73.77931569080786 40.69304017537922)","2020-04-12T17:32:18.000","2020-06-21T14:30:00.000"
"B","Blocked with Barricade","2020-06-22T13:09:16.000","Exercise Equipment","B219","Callahan-Kelly Playground","B219","Callahan-Kelly Playground","Reopened","POINT (-73.90531416915717 40.6783597533944)","2020-04-10T17:02:29.000","2020-06-21T00:00:00.000"
"B","Completely Locked","2020-06-22T15:03:10.000","Exercise Equipment","B058-ZN02","McCarren Park","B058","McCarren Park Zone 2","Reopened","POINT (-73.95139123902742 40.72002512270835)","2020-04-17T10:39:45.000","2020-06-21T00:00:00.000"
"B",,"2020-04-09T15:15:34.000","Exercise Equipment","B137","Sixteen Sycamores Playground","B137","Sixteen Sycamores Playground","Active","POINT (-73.9810056827376 40.686791726805176)",,
"M","Temporary Fencing","2020-06-22T16:25:59.000","Exercise Equipment","M111","James Weldon Johnson Playground","M111","James Weldon Johnson Playground","Reopened","POINT (-73.94185672170153 40.797178356079186)","2020-04-13T13:17:18.000","2020-06-21T00:00:00.000"
"X","Partially Locked","2020-06-22T09:54:58.000","Exercise Equipment","X194","Captain Rivera Playground","X194","Captain Rivera Playground","Reopened","POINT (-73.90693259459749 40.817934267183155)","2020-04-10T10:08:35.000","2020-06-21T00:00:00.000"
"Q","Completely Locked","2020-06-22T17:15:15.000","Exercise Equipment","Q099-01","Flushing Meadows Corona Park","Q099","World's Fair Playground","Reopened","POINT (-73.84590168935051 40.737521484536124)","2020-04-11T18:17:56.000",
"Q","Temporary Fencing","2020-06-21T19:52:25.000","Exercise Equipment","Q106","Daniel M. O'Connell Playground","Q106","Daniel M. O'Connell Playground","Reopened","POINT (-73.75809728732561 40.699867812350114)","2020-04-11T19:01:26.000","2020-06-21T14:30:00.000"
"X","Blocked with Barricade","2020-06-22T10:28:38.000","Exercise Equipment","X111","Cedar Playground","X111","Cedar Playground","Reopened","POINT (-73.91738859057475 40.855122235732814)","2020-04-16T11:49:39.000","2020-06-21T00:00:00.000"
"R",,"2020-04-09T15:20:54.000","Exercise Equipment","R005-ZN04","Clove Lakes Park","R005","Clove Lakes Park Zone 4","Active","POINT (-74.12071163775694 40.624696367999555)",,
"Q","Completely Locked","2020-06-21T19:51:32.000","Exercise Equipment","Q005-01","Baisley Pond Park","Q005","Sutphin Playground","Reopened","POINT (-73.789076327717 40.674753325111226)","2020-04-11T18:54:38.000","2020-06-21T14:30:00.000"
"M",,"2020-04-15T16:31:07.000","Exercise Equipment","M099","J. Hood Wright Park","M099","J. Hood Wright Park","Active","POINT (-73.9409453399472 40.84635575138851)",,
"M","Blocked with Barricade","2020-06-22T17:19:04.000","Exercise Equipment","M289","East River Esplanade","M289","East River Esplanade","Reopened","POINT (-73.96968476295301 40.74586882752494)","2020-04-10T11:54:49.000","2020-06-21T00:00:00.000"
"B",,"2020-04-09T15:15:34.000","Exercise Equipment","B295","Oxport Playground","B295","Oxport Playground","Active","POINT (-73.97624385732473 40.69760448528042)",,
"X","Completely Locked","2020-06-22T11:19:22.000","Exercise Equipment","X253","Ambrosini Field","X253","Ambrosini Field","Reopened","POINT (-73.78339296334069 40.84450088586157)","2020-04-10T14:15:47.000","2020-06-21T00:00:00.000"
"Q","Temporary Fencing","2020-06-19T13:59:41.000","Exercise Equipment","Q021-03","Cunningham Park","Q021","210 St Playground","Reopened","POINT (-73.76533876072492 40.73925387400778)","2020-04-11T19:21:57.000","2020-06-19T13:59:39.000"
"Q",,"2020-04-09T15:18:23.000","Exercise Equipment","Q162J01","Beach 9 Playground","Q162J01","Beach 9 Playground","Active","POINT (-73.7450264620596 40.59529502438549)",,
"B",,"2020-04-10T16:00:56.000","Exercise Equipment","B068","Parade Ground","B068","Parade Ground","Active","POINT (-73.96835365164006 40.65086462836489)",,
"B","Completely Locked","2020-06-22T13:37:56.000","Exercise Equipment","B018-ZN03","Canarsie Park","B018","Canarsie Park Zone 3","Reopened","POINT (-73.89672470658329 40.62566473995162)","2020-04-10T16:40:03.000","2020-06-22T00:00:00.000"
"M","Completely Locked","2020-06-22T16:19:21.000","Exercise Equipment","M184","Samuel N. Bennerson 2nd Playground","M184","Samuel N. Bennerson 2nd Playground","Reopened","POINT (-73.98695384493311 40.77382394258037)","2020-04-09T15:22:59.000","2020-06-21T00:00:00.000"
"B","Completely Locked","2020-06-22T14:31:33.000","Exercise Equipment","B429","Hope Ballfield","B429","Hope Ballfield","Reopened","POINT (-73.91713545206649 40.697484046774534)","2020-05-21T11:52:23.000","2020-06-22T00:00:00.000"
"X","Completely Locked","2020-06-22T11:04:19.000","Exercise Equipment","X160","Caserta Playground","X160","Caserta Playground","Reopened","POINT (-73.85402945321134 40.837337871100985)","2020-04-10T14:23:28.000","2020-06-21T00:00:00.000"
"B","Completely Locked","2020-06-22T13:39:54.000","Exercise Equipment","B352","Curtis Playground","B352","Curtis Playground","Reopened","POINT (-73.91741522757015 40.64095208183649)","2020-04-10T16:46:57.000","2020-06-22T00:00:00.000"
"X","Completely Locked","2020-06-22T09:53:27.000","Exercise Equipment","X146","Flynn Playground","X146","Flynn Playground","Reopened","POINT (-73.91193278875865 40.82104461502766)","2020-04-10T10:08:58.000","2020-06-21T00:00:00.000"
"X","Completely Locked","2020-06-22T10:55:22.000","Exercise Equipment","X123","Noble Playground","X123","Noble Playground","Reopened","POINT (-73.87225180093814 40.83730964780272)","2020-04-10T14:22:43.000","2020-06-21T00:00:00.000"
"Q","Temporary Fencing","2020-06-23T11:17:19.000","Exercise Equipment","Q099-20","Flushing Meadows Corona Park","Q099","Albert H. Mauro Playground","Reopened","POINT (-73.82722743008128 40.72336395237862)","2020-04-11T19:24:08.000","2020-06-23T10:55:44.000"
"B",,"2020-04-09T15:15:34.000","Exercise Equipment","B151","Dome Playground","B151","Dome Playground","Active","POINT (-73.98019420844597 40.63820669295218)",,
"R","Completely Locked","2020-06-23T09:54:14.000","Exercise Equipment","R090","Lieutenant John H. Martinson Playground","R090","Lieutenant John H. Martinson Playground","Reopened","POINT (-74.16264451633752 40.53686293402165)","2020-04-09T15:20:54.000","2020-06-22T00:00:00.000"
"B",,"2020-04-09T15:15:34.000","Exercise Equipment","B192","Russell Pedersen Playground","B192","Russell Pedersen Playground","Active","POINT (-74.03618079563667 40.62638149625277)",,
"X","Completely Locked","2020-06-22T09:52:44.000","Exercise Equipment","X353","Yolanda García Park","X353","Yolanda Garcia Park","Reopened","POINT (-73.91380830169413 40.82310392036892)","2020-04-10T10:26:40.000","2020-06-21T00:00:00.000"
"M","Completely Locked","2020-06-19T10:00:46.000","Exercise Equipment","M144-ZN05","John V. Lindsay East River Park","M144","East River Park Zone 5","Reopened","POINT (-73.97359980806098 40.721574059443334)","2020-04-10T11:58:13.000","2020-06-19T00:00:00.000"
"M",,"2020-04-09T15:22:58.000","Exercise Equipment","M042-ZN02","Inwood Hill Park","M042","Inwood Hill Park Zone 2","Active","POINT (-73.92092619021308 40.87354384564561)",,
"B",,"2020-04-09T15:15:34.000","Exercise Equipment","B051","Kelly Park Playground","B051","Kelly Park Playground","Active","POINT (-73.95764201145823 40.60417856226806)",,
"B",,"2020-04-09T15:15:34.000","Exercise Equipment","B275","Grady Playground","B275","Grady Playground","Active","POINT (-73.96471236516003 40.58305310479647)",,
"Q","Temporary Fencing","2020-06-21T19:51:32.000","Exercise Equipment","Q413","Rochdale Park","Q413","Rochdale Park","Reopened","POINT (-73.77442324137397 40.67467071888908)","2020-04-11T19:32:19.000","2020-06-21T14:30:00.000"
"Q","Completely Locked","2020-06-21T20:00:33.000","Exercise Equipment","Q211","Maple Playground","Q211","Maple Playground","Reopened","POINT (-73.82609147065686 40.75587494967769)","2020-04-11T19:28:15.000","2020-06-21T12:30:00.000"
"X","Temporary Fencing","2020-06-22T11:19:43.000","Exercise Equipment","X039-ZN01","Pelham Bay Park","X039","Aileen Ryan Rec. Complex","Reopened","POINT (-73.82354955599097 40.84838668665093)","2020-04-10T14:15:17.000","2020-06-21T00:00:00.000"
"B","Completely Locked","2020-06-25T13:57:53.000","Exercise Equipment","B263","Sumner Playground","B263","Sumner Playground","Reopened","POINT (-73.94275920794006 40.697275730525554)","2020-04-10T12:01:47.000","2020-06-25T00:00:00.000"
"Q","Temporary Fencing","2020-06-21T11:41:39.000","Exercise Equipment","Q008-01","Brookville Park","Q008","Brookville Playground","Reopened","POINT (-73.74144047160583 40.66321248314898)","2020-04-11T19:33:20.000","2020-06-21T11:45:00.000"
"Q","Completely Locked","2020-06-21T17:11:23.000","Exercise Equipment","Q382","Cardozo Playground","Q382","Cardozo Playground","Reopened","POINT (-73.78656811018509 40.59323900596113)","2020-04-11T19:36:25.000","2020-06-21T14:30:00.000"
"Q",,"2020-04-09T15:18:23.000","Exercise Equipment","Q162J","Beach 17 Playground","Q162J","Beach 17 Playground","Active","POINT (-73.74880446851114 40.59448974090655)",,
"B",,"2020-06-22T13:36:30.000","Exercise Equipment","B018-01","Canarsie Park","B018","Dinapoli Plgd","UnderConstruction","POINT (-73.89299093014267 40.63082565366607)",,
"B",,"2020-04-09T15:15:34.000","Exercise Equipment","B106B","Lafayette Playground","B106B","Lafayette Playground","Active","POINT (-73.98528984420022 40.59450882940556)",,
"B",,"2020-04-09T15:15:34.000","Exercise Equipment","B073-ZN06","Prospect Park","B073","Prospect Park Southwest Lower","Active","POINT (-73.97272036709187 40.65483300002621)",,
"X","Temporary Fencing","2020-06-22T09:35:51.000","Exercise Equipment","X045-01","St. Mary's Park","X045","St Mary's Playground East","Reopened","POINT (-73.9104894866682 40.8102807321832)","2020-04-10T10:05:18.000","2020-06-21T00:00:00.000"
"M","Completely Locked","2020-06-29T11:01:45.000","Exercise Equipment","M029-01","Fort Tryon Park","M029","Jacob Javits Plgd","Reopened","POINT (-73.9344719040704 40.858906972535145)","2020-04-10T11:39:34.000","2020-06-21T00:00:00.000"
"R",,"2020-04-09T15:20:54.000","Exercise Equipment","R125","Lopez Playground","R125","Lopez Playground","Active","POINT (-74.08505419557865 40.61148666852642)",,
"B","Completely Locked","2020-06-22T12:30:24.000","Exercise Equipment","B246","Jerome Playground","B246","Jerome Playground","Reopened","POINT (-73.87959078888356 40.65892568763114)","2020-04-10T16:59:19.000","2020-06-20T00:00:00.000"
"X","Partially Locked","2020-06-22T11:01:25.000","Exercise Equipment","X088-ZN02","Pugsley Creek Park","X088","Pugsley Creek Park Zone 2","Reopened","POINT (-73.85224766433613 40.81251068242118)","2020-04-10T14:21:54.000","2020-06-21T00:00:00.000"
"Q","Temporary Fencing","2020-06-19T14:02:20.000","Exercise Equipment","Q129","Phil ""Scooter"" Rizzuto Park","Q129","Phil ""Scooter"" Rizzuto Park","Reopened","POINT (-73.82158665651203 40.69479295148474)","2020-04-11T18:56:49.000","2020-06-19T14:01:52.000"
"B","Completely Locked","2020-06-23T14:55:47.000","Exercise Equipment","B118A","St. Mary's Park","B118A","St. Mary's Park","Reopened","POINT (-73.99721990515255 40.6764312262666)","2020-04-10T12:35:58.000","2020-06-22T00:00:00.000"
"B",,"2020-04-09T15:15:34.000","Exercise Equipment","B285","Harry Maze Playground","B285","Harry Maze Playground","Active","POINT (-73.92317587764559 40.643417838681266)",,
"Q","Completely Locked","2020-06-22T14:25:20.000","Exercise Equipment","Q450","Corona Golf Playground","Q450","Corona Golf Playground","Reopened","POINT (-73.85461130347079 40.74758238148043)","2020-04-11T18:07:49.000","2020-06-22T14:25:18.000"
"Q",,"2020-06-21T19:54:13.000","Exercise Equipment","Q004-ZN01","Astoria Park","Q004","Astoria Park Zone 1","Reopened","POINT (-73.9250723759056 40.77673004027608)","2020-04-13T15:34:45.000","2020-06-21T13:00:00.000"
"Q","Completely Locked","2020-06-22T17:15:49.000","Exercise Equipment","Q031","Lawrence Virgilio Playground","Q031","Lawrence Virgilio Playground","Reopened","POINT (-73.91074722015503 40.74747006904619)","2020-04-11T17:45:14.000",
"B","Completely Locked","2020-06-22T16:17:04.000","Exercise Equipment","B007","Bensonhurst Park","B007","Bensonhurst Park","Reopened","POINT (-74.00130226448023 40.596512856449024)","2020-04-10T11:54:36.000","2020-06-22T00:00:00.000"
"X","Completely Locked","2020-06-22T11:00:01.000","Exercise Equipment","X204","Story Playground","X204","Story Playground","Reopened","POINT (-73.86284389189633 40.82291343539928)","2020-04-20T10:59:13.000","2020-06-21T00:00:00.000"
"M","Completely Locked","2020-06-22T17:17:37.000","Exercise Equipment","M263","Bellevue South Park","M263","Bellevue South Park","Reopened","POINT (-73.97805754866744 40.74003255882608)","2020-04-10T11:52:24.000","2020-06-21T00:00:00.000"
"Q","Completely Locked","2020-06-21T19:56:32.000","Exercise Equipment","Q474","Simeone Park","Q474","Simeone Park","Reopened","POINT (-73.85992361032712 40.74097953138106)","2020-04-11T18:09:46.000","2020-06-21T13:00:00.000"
"X",,"2020-04-09T15:24:38.000","Exercise Equipment","X002-ZN05A","Bronx Park","X002","Bronx River Parkway East (South Half)","Active","POINT (-73.86785687192702 40.8813584342983)",,
"B",,"2020-06-22T16:39:12.000","Exercise Equipment","B221","Steuben Playground","B221","Steuben Playground","Reopened","POINT (-73.96345807759882 40.697444918704655)",,"2020-06-22T00:00:00.000"
"B",,"2020-04-09T15:15:34.000","Exercise Equipment","B060-01","McKinley Park","B060","McKinley Park Playground","Active","POINT (-74.01686079218794 40.6263889327547)",,
"Q","Temporary Fencing","2020-06-21T19:12:37.000","Exercise Equipment","Q360M","Frontera Park","Q360M","Frontera Park","Reopened","POINT (-73.8953707957513 40.72467606207501)","2020-04-11T17:52:31.000","2020-06-21T19:12:34.000"
"M","Completely Locked","2020-06-19T10:01:46.000","Exercise Equipment","M088","Tompkins Square Park","M088","Tompkins Square Park","Reopened","POINT (-73.98171294258619 40.72645206531424)","2020-04-10T11:57:46.000","2020-06-19T00:00:00.000"
"B","Completely Locked","2020-06-22T14:31:08.000","Exercise Equipment","B139","Heckscher Playground","B139","Heckscher Playground","Reopened","POINT (-73.91826823544291 40.695114906733636)","2020-04-10T12:28:31.000","2020-06-22T00:00:00.000"
"B",,"2020-04-09T15:15:34.000","Exercise Equipment","B296","Luna Playground","B296","Luna Playground","Active","POINT (-73.9784012305104 40.57609488172913)",,
"X","Completely Locked","2020-06-22T10:36:29.000","Exercise Equipment","X020","Fort Independence Playground","X020","Fort Independence Playground","Reopened","POINT (-73.89490717361262 40.88189124126803)","2020-04-17T13:49:58.000","2020-06-21T00:00:00.000"
"X","Completely Locked","2020-06-22T10:22:27.000","Exercise Equipment","X108","Belmont Playground","X108","Belmont Playground","Reopened","POINT (-73.8876937082305 40.8502878434943)","2020-04-10T10:28:53.000","2020-06-21T00:00:00.000"
"Q","Temporary Fencing","2020-06-21T15:20:07.000","Exercise Equipment","Q108","Laurelton Playground","Q108","Laurelton Playground","Reopened","POINT (-73.73653220733861 40.67000054576684)","2020-04-11T19:34:27.000","2020-06-21T15:20:04.000"
"M","Completely Locked","2020-06-22T16:28:09.000","Exercise Equipment","M058-01","Marcus Garvey Park","M058","Mt. Morris East","Reopened","POINT (-73.94309751628622 40.80332603307183)","2020-04-13T13:11:34.000","2020-06-21T00:00:00.000"
"Q","Completely Locked","2020-06-22T17:18:19.000","Exercise Equipment","Q314","Fresh Meadows Playground","Q314","Fresh Meadows Playground","Reopened","POINT (-73.79618385636533 40.73411680762905)","2020-04-11T19:22:56.000",
"M","Completely Locked","2020-06-22T15:34:12.000","Exercise Equipment","M071-04","Riverside Park","M071","Neufeld Playground","Reopened","POINT (-73.98473175135972 40.78351537992661)","2020-04-15T16:34:05.000","2020-06-21T00:00:00.000"
"Q","Completely Locked","2020-06-22T14:23:02.000","Exercise Equipment","Q098","Frank D. O'Connor Playground","Q098","Frank D. O'Connor Playground","Reopened","POINT (-73.88672297251823 40.74424703427505)","2020-04-11T17:51:28.000","2020-06-22T14:22:55.000"
"X","Completely Locked","2020-06-22T09:33:25.000","Exercise Equipment","X238","Saw Mill Playground","X238","Saw Mill Playground","Reopened","POINT (-73.91937329426236 40.8089131054485)","2020-04-10T10:06:45.000","2020-06-21T00:00:00.000"
"B","Partially Locked","2020-06-22T14:17:39.000","Exercise Equipment","B258","Brevoort Playground","B258","Brevoort Playground","Reopened","POINT (-73.92276101480839 40.68047022118153)","2020-04-10T12:12:20.000","2020-06-22T00:00:00.000"
"R","Completely Locked","2020-06-22T14:41:30.000","Exercise Equipment","R068","The Big Park","R068","The Big Park","Reopened","POINT (-74.16451275113033 40.63080957571552)","2020-04-09T15:20:54.000","2020-06-22T00:00:00.000"
"B","Completely Locked","2020-06-23T12:56:11.000","Exercise Equipment","B150","Kolbert Playground","B150","Kolbert Playground","Reopened","POINT (-73.95800759867898 40.62007558872256)","2020-04-10T15:58:01.000","2020-06-22T00:00:00.000"
"B",,"2020-04-09T15:15:34.000","Exercise Equipment","B274","Bayview Playground","B274","Bayview Playground","Active","POINT (-73.88690984970518 40.634912408316595)",,
"X","Temporary Fencing","2020-06-22T10:29:48.000","Exercise Equipment","X001-01","Aqueduct Walk","X001","Aqueduct Lands Plgd","Reopened","POINT (-73.90858175040887 40.857696664817524)","2020-04-13T12:05:26.000","2020-06-21T00:00:00.000"
"Q","Temporary Fencing","2020-06-21T20:02:29.000","Exercise Equipment","Q381","Francis Lewis Playground","Q381","Francis Lewis Playground","Reopened","POINT (-73.78403163148911 40.76043688193279)","2020-04-11T19:29:59.000","2020-06-21T12:30:00.000"
"B",,"2020-04-09T15:15:34.000","Exercise Equipment","B057-ZN01","Marine Park","B057","Marine Park Zone 1","Active","POINT (-73.93641201272325 40.60825051984852)",,
"B","Completely Locked","2020-06-23T12:55:05.000","Exercise Equipment","B073-20","Prospect Park","B073","Harmony Playground","Reopened","POINT (-73.9769634460577 40.66346528884452)","2020-04-10T15:54:00.000","2020-06-22T00:00:00.000"
"X","Completely Locked","2020-06-22T10:34:28.000","Exercise Equipment","X038-02","Washington's Walk","X038","Fort #4 Playground","Reopened","POINT (-73.90085322643156 40.874664145208)","2020-04-09T15:52:15.000","2020-06-21T00:00:00.000"
"X",,"2020-06-22T09:59:27.000","Exercise Equipment","X307","Barretto Point Park","X307","Barretto Point Park","Reopened","POINT (-73.88836438060042 40.80500094699602)","2020-04-14T12:10:33.000","2020-06-21T00:00:00.000"
"M","Temporary Fencing","2020-06-22T16:23:27.000","Exercise Equipment","M186","Col. Young Playground","M186","Col. Young Playground","Reopened","POINT (-73.93553958259542 40.819210720183584)","2020-04-13T13:14:45.000","2020-06-21T00:00:00.000"
"X","Partially Locked","2020-06-22T11:10:13.000","Exercise Equipment","X122","Colucci Playground","X122","Colucci Playground","Reopened","POINT (-73.83458247991918 40.85277861977569)","2020-04-20T12:02:40.000","2020-06-21T00:00:00.000"
"M","Completely Locked","2020-06-19T10:01:05.000","Exercise Equipment","M033","Hamilton Fish Park","M033","Hamilton Fish Park","Reopened","POINT (-73.98076555397475 40.719702638265076)","2020-04-10T11:55:48.000","2020-06-19T00:00:00.000"
"B","Completely Locked","2020-06-22T13:58:18.000","Exercise Equipment","B337","Century Playground","B337","Century Playground","Reopened","POINT (-73.97039455950755 40.57701789715067)","2020-04-10T16:48:07.000","2020-06-22T00:00:00.000"
"Q","Temporary Fencing","2020-06-21T19:12:37.000","Exercise Equipment","Q102-02","Juniper Valley Park","Q102","Juniper North Playground Tennis","Reopened","POINT (-73.87709582234879 40.72065486948514)","2020-04-11T18:19:09.000","2020-06-21T19:12:34.000"
"B","Completely Locked","2020-06-23T14:56:00.000","Exercise Equipment","B050","Van Voorhees Playground","B050","Van Voorhees Playground","Reopened","POINT (-73.99932162436835 40.690311444246746)","2020-04-10T12:32:15.000","2020-06-22T00:00:00.000"
"Q","Completely Locked","2020-06-21T19:54:48.000","Exercise Equipment","Q014","Astoria Heights Playground","Q014","Astoria Heights Playground","Reopened","POINT (-73.91174252356157 40.760420853015354)","2020-04-11T17:27:29.000","2020-06-21T13:00:00.000"
"B","Completely Locked","2020-06-22T13:07:19.000","Exercise Equipment","B387","Hilltop Playground","B387","Hilltop Playground","Reopened","POINT (-73.91433859819634 40.675325642314036)","2020-04-10T17:03:14.000","2020-06-20T00:00:00.000"
"Q","Completely Locked","2020-06-21T19:49:34.000","Exercise Equipment","Q414","Rocket Playground","Q414","Rocket Playground","Reopened","POINT (-73.84627851240839 40.670667817884194)","2020-04-11T18:48:44.000","2020-06-21T14:30:00.000"
"X","Temporary Fencing","2020-06-22T09:37:20.000","Exercise Equipment","X045-03","St. Mary's Park","X045","St Mary's Playground West","Reopened","POINT (-73.91325758564736 40.81279619997487)","2020-04-10T10:05:52.000","2020-06-21T00:00:00.000"
"B","Temporary Fencing","2020-06-22T13:56:18.000","Exercise Equipment","B169-ZN04B","Coney Island Beach & Boardwalk","B169","Coney Island Beach Zone 4b","Reopened","POINT (-73.97612258859823 40.572829658513676)","2020-05-08T16:10:04.000","2020-06-22T00:00:00.000"
"B",,"2020-04-09T15:15:34.000","Exercise Equipment","B016","Maria Hernandez Park","B016","Maria Hernandez Park","Active","POINT (-73.92386340065151 40.70317144327168)",,
"Q",,"2020-04-09T15:18:23.000","Exercise Equipment","Q162H","Beach 30th Street Playground","Q162H","Beach 30th Street Playground","Active","POINT (-73.762489336517 40.59246065371918)",,
"Q",,"2020-04-11T13:19:59.000","Exercise Equipment","Q215","Whitey Ford Field","Q215","Whitey Ford Field","Active","POINT (-73.93483559589428 40.77764696043623)",,
"B","Completely Locked","2020-06-29T09:20:56.000","Exercise Equipment","B100","Seth Low Playground/ Bealin Square","B100","Seth Low Playground/ Bealin Square","Reopened","POINT (-73.98636238213687 40.60813843938594)","2020-04-10T15:58:34.000","2020-06-25T00:00:00.000"
"Q",,"2020-04-11T19:21:17.000","Exercise Equipment","Q021-ZN02","Cunningham Park","Q021","Cunningham Park Zone 2","Active","POINT (-73.77359003192625 40.72969374005998)",,
"M","Completely Locked","2020-06-22T16:23:44.000","Exercise Equipment","M160","Fred Samuel Playground","M160","Fred Samuel Playground","Reopened","POINT (-73.93923671753906 40.81715574647378)","2020-04-13T13:15:20.000","2020-06-21T00:00:00.000"
"M",,"2020-04-09T15:22:58.000","Exercise Equipment","M042-ZN04","Inwood Hill Park","M042","Inwood Hill Park Zone 4 (Dyckman Fields)","Active","POINT (-73.9302748808981 40.8728418152752)",,
"Q","Completely Locked","2020-06-23T10:58:08.000","Exercise Equipment","Q094","Tudor Park","Q094","Tudor Park","Reopened","POINT (-73.8521293858594 40.67262274222164)","2020-04-11T18:47:41.000","2020-06-21T12:00:00.000"
"X","Completely Locked","2020-06-22T09:55:40.000","Exercise Equipment","X216","Abigail Playground","X216","Abigail Playground","Reopened","POINT (-73.90464194387371 40.817313869252814)","2020-04-10T10:07:23.000","2020-06-21T00:00:00.000"
"X","Completely Locked","2020-06-22T11:15:49.000","Exercise Equipment","X169","Agnes Haywood Playground","X169","Agnes Haywood Playground","Reopened","POINT (-73.86181381588385 40.880295589163076)","2020-04-10T14:19:45.000","2020-06-21T00:00:00.000"
"Q","Completely Locked","2020-06-21T19:05:01.000","Exercise Equipment","Q002","Grover Cleveland Playground","Q002","Grover Cleveland Playground","Reopened","POINT (-73.91114489160017 40.710899665887816)","2020-04-11T18:21:30.000","2020-06-21T10:00:00.000"
